,well_id_96,coord1_384,i7_index_384,I7_Index_ID,i7_index_sequence,cell_number,lonza_nucleofection_buffer,coord2_384,i5_index_384,i5_index_ID,i5_index_sequence
0,A1,A1,A1,i7-00001,CTGATCGT,1000000,Buffer_P1,A2,A2,i5-00002,TCGAGAGT
1,A2,A3,A3,i7-00003,TGAGCTAG,1000000,Buffer_P1,A4,A4,i5-00004,ATCGTCTC
2,A3,A5,A5,i7-00005,CTTGTCGA,1000000,Buffer_P1,A6,A6,i5-00006,CCTTGGAA
3,A4,A7,A7,i7-00049,CGCATGAT,1000000,Buffer_P1,A8,A8,i5-00008,TGTTCCGT
4,A5,A9,A9,i7-00009,CGGCTAAT,1000000,Buffer_P2,A10,A10,i5-00010,CGATCGAT
5,A6,A11,A11,i7-00011,GCAAGATC,1000000,Buffer_P2,A12,A12,i5-00012,AGGATAGC
6,A7,A13,A13,i7-00013,TACGCTAC,1000000,Buffer_P2,A14,A14,i5-00014,AGAGTCCA
7,A8,A15,A15,i7-00015,AGAGTAGC,1000000,Buffer_P2,A16,A16,i5-00016,CTCTGGAT
8,A9,A17,A17,i7-00017,GACGATCT,1000000,Buffer_P3,A18,A18,i5-00018,GCTCAGTT
9,A10,A19,A19,i7-00019,CTTAGGAC,1000000,Buffer_P3,A20,A20,i5-00020,TATGGCAC
10,A11,A21,A21,i7-00021,GAATCCGA,1000000,Buffer_P3,A22,A22,i5-00022,AACAGCGA
11,A12,A23,A23,i7-00023,TTCGTTGG,1000000,Buffer_P3,A24,A24,i5-00024,CAGTGCTT
12,B1,C1,C1,i7-00049,GAGCAGTA,1000000,Buffer_P1,C2,C2,i5-00050,GACGAACT
13,B2,C3,C3,i7-00051,TTGCGAAG,1000000,Buffer_P1,C4,C4,i5-00052,ATGGCGAT
14,B3,C5,C5,i7-00053,TGGCATGT,1000000,Buffer_P1,C6,C6,i5-00054,GTCAACAG
15,B4,C7,C7,i7-00055,CATACCAC,1000000,Buffer_P1,C8,C8,i5-00056,CCAACTTC
16,B5,C9,C9,i7-00057,ATGACGTC,1000000,Buffer_P2,C10,C10,i5-00058,ACGTCCAA
17,B6,C11,C11,i7-00059,AGTGGATC,1000000,Buffer_P2,C12,C12,i5-00060,AGCCTATC
18,B7,C13,C13,i7-00061,TGGTAGCT,1000000,Buffer_P2,C14,C14,i5-00062,AGATTGCG
19,B8,C15,C15,i7-00063,GATGTGTG,1000000,Buffer_P2,C16,C16,i5-00064,GAGCAATC
20,B9,C17,C17,i7-00065,CGCTCTAT,1000000,Buffer_P3,C18,C18,i5-00066,GACCGATA
21,B10,C19,C19,i7-00067,AACGTCTG,1000000,Buffer_P3,C20,C20,i5-00068,CTGAACGT
22,B11,C21,C21,i7-00069,CAGTCCAA,1000000,Buffer_P3,C22,C22,i5-00070,GTCTGCAA
23,B12,C23,C23,i7-00071,CAATGTGG,1000000,Buffer_P3,C24,C24,i5-00072,GATGGAGT
24,C1,E1,E1,i7-00097,GCCTATCA,1000000,Buffer_P1,E2,E2,i5-00098,CATCCAAG
25,C2,E3,E3,i7-00099,AGTCTCAC,1000000,Buffer_P1,E4,E4,i5-00100,CTGATGAG
26,C3,E5,E5,i7-00101,TGTACCGT,1000000,Buffer_P1,E6,E6,i5-00102,CTCGACTT
27,C4,E7,E7,i7-00103,CACGTTGT,1000000,Buffer_P1,E8,E8,i5-00104,TGCTGTGA
28,C5,E9,E9,i7-00105,CTACTTGG,1000000,Buffer_P2,E10,E10,i5-00106,AACTGAGG
29,C6,E11,E11,i7-00107,TCCTACCT,1000000,Buffer_P2,E12,E12,i5-00108,TTCGCCAT
30,C7,E13,E13,i7-00109,CTTACCTG,1000000,Buffer_P2,E14,E14,i5-00110,GTATCGAG
31,C8,E15,E15,i7-00111,TCCGTGAA,1000000,Buffer_P2,E16,E16,i5-00112,GAGCTCTA
32,C9,E17,E17,i7-00113,TGACTGAC,1000000,Buffer_P3,E18,E18,i5-00114,CACGTCTA
33,C10,E19,E19,i7-00115,CCGGAATT,1000000,Buffer_P3,E20,E20,i5-00116,TCTAGGAG
34,C11,E21,E21,i7-00117,CAACGGAT,1000000,Buffer_P3,E22,E22,i5-00118,GATAGCCA
35,C12,E23,E23,i7-00119,CGGTCATA,1000000,Buffer_P3,E24,E24,i5-00120,CGATTGGA
36,D1,G1,G1,i7-00145,AGCGGAAT,1000000,Buffer_P1,G2,G2,i5-00146,AAGCTCAC
37,D2,G3,G3,i7-00147,CGTGATCA,1000000,Buffer_P1,G4,G4,i5-00148,CAATGCGA
38,D3,G5,G5,i7-00149,TGACGCAT,1000000,Buffer_P1,G6,G6,i5-00150,TACATCGG
39,D4,G7,G7,i7-00151,TTCGCAGT,1000000,Buffer_P1,G8,G8,i5-00152,TCTGTCGT
40,D5,G9,G9,i7-00153,AGCTTGAG,1000000,Buffer_P2,G10,G10,i5-00154,AACCACTC
41,D6,G11,G11,i7-00155,GCTGTAAG,1000000,Buffer_P2,G12,G12,i5-00156,AGTCTTGG
42,D7,G13,G13,i7-00157,ATTGCGTG,1000000,Buffer_P2,G14,G14,i5-00158,AGCTTCAG
43,D8,G15,G15,i7-00159,TAACGAGG,1000000,Buffer_P2,G16,G16,i5-00160,TGAGACGA
44,D9,G17,G17,i7-00161,TTCCTGTG,1000000,Buffer_P3,G18,G18,i5-00162,ACTCAACG
45,D10,G19,G19,i7-00163,AGTCGCTT,1000000,Buffer_P3,G20,G20,i5-00164,CCTACCTA
46,D11,G21,G21,i7-00165,CAGGAGAT,1000000,Buffer_P3,G22,G22,i5-00166,TCACGATG
47,D12,G23,G23,i7-00167,TGTTGTGG,1000000,Buffer_P3,G24,G24,i5-00168,AGGTCTGT
48,E1,I1,I1,i7-00193,CTTCGTTC,1000000,Buffer_P1,I2,I2,i5-00194,ACCTAGAC
49,E2,I3,I3,i7-00195,ACGTCGTA,1000000,Buffer_P1,I4,I4,i5-00196,TTGAGCTC
50,E3,I5,I5,i7-00197,CGTGTACT,1000000,Buffer_P1,I6,I6,i5-00198,TGTCAGTG
51,E4,I7,I7,i7-00199,TCGTAGTC,1000000,Buffer_P1,I8,I8,i5-00200,TTACGTGC
52,E5,I9,I9,i7-00201,CAAGCAGT,1000000,Buffer_P2,I10,I10,i5-00202,GCCTATGT
53,E6,I11,I11,i7-00203,TGTGGTAC,1000000,Buffer_P2,I12,I12,i5-00204,TAGTGGTG
54,E7,I13,I13,i7-00205,CTGCGTAT,1000000,Buffer_P2,I14,I14,i5-00206,AAGACCGT
55,E8,I15,I15,i7-00207,GATTGGAG,1000000,Buffer_P2,I16,I16,i5-00208,TCTGGACA
56,E9,I17,I17,i7-00209,CCAGTGTT,1000000,Buffer_P3,I18,I18,i5-00210,TTGGTGCA
57,E10,I19,I19,i7-00211,TTGACAGG,1000000,Buffer_P3,I20,I20,i5-00212,CTATGCCT
58,E11,I21,I21,i7-00213,TAGCCGAA,1000000,Buffer_P3,I22,I22,i5-00214,ACCGACAA
59,E12,I23,I23,i7-00215,CATCTACG,1000000,Buffer_P3,I24,I24,i5-00216,CTGTATGC
60,F1,K1,K1,i7-00241,CAAGTGCA,1000000,Buffer_P1,K2,K2,i5-00242,TCACTCGA
61,F2,K3,K3,i7-00243,CTACAGTG,1000000,Buffer_P1,K4,K4,i5-00244,GTACGATC
62,F3,K5,K5,i7-00245,CTTCACCA,1000000,Buffer_P1,K6,K6,i5-00246,TAGCTGAG
63,F4,K7,K7,i7-00247,TCTGCTCT,1000000,Buffer_P1,K8,K8,i5-00248,CTTCGGTT
64,F5,K9,K9,i7-00249,GCTGTTGT,1000000,Buffer_P2,K10,K10,i5-00250,AGCCGTAA
65,F6,K11,K11,i7-00251,GACAAGAG,1000000,Buffer_P2,K12,K12,i5-00252,CAGATCCT
66,F7,K13,K13,i7-00253,GTAGCATC,1000000,Buffer_P2,K14,K14,i5-00254,AGGAACAC
67,F8,K15,K15,i7-00255,AGGATGGT,1000000,Buffer_P2,K16,K16,i5-00256,GAACGTGA
68,F9,K17,K17,i7-00257,GCGTTCTA,1000000,Buffer_P3,K18,K18,i5-00258,AACCAGAG
69,F10,K19,K19,i7-00259,TTAGGTCG,1000000,Buffer_P3,K20,K20,i5-00260,CTCTCAGA
70,F11,K21,K21,i7-00261,TTCAGCCT,1000000,Buffer_P3,K22,K22,i5-00262,ATCGGAGA
71,F12,K23,K23,i7-00263,CAGGTATC,1000000,Buffer_P3,K24,K24,i5-00264,TCCTGACT
72,G1,M1,M1,i7-00289,CATTGCCT,1000000,Buffer_P1,M2,M2,i5-00290,TCACCTAG
73,G2,M3,M3,i7-00291,TCCGTATG,1000000,Buffer_P1,M4,M4,i5-00292,GTCATCGT
74,G3,M5,M5,i7-00293,GTCGGTAA,1000000,Buffer_P1,M6,M6,i5-00294,ACCTTCGA
75,G4,M7,M7,i7-00295,AGAAGCGT,1000000,Buffer_P1,M8,M8,i5-00296,GAGTAGAG
76,G5,M9,M9,i7-00297,CTAGGCAT,1000000,Buffer_P2,M10,M10,i5-00298,CAACTCCA
77,G6,M11,M11,i7-00299,GAGGACTT,1000000,Buffer_P2,M12,M12,i5-00300,GTCGATTG
78,G7,M13,M13,i7-00301,TCTAACGC,1000000,Buffer_P2,M14,M14,i5-00302,TTGCGAGA
79,G8,M15,M15,i7-00303,ATCGGTGT,1000000,Buffer_P2,M16,M16,i5-00304,CGTATCTC
80,G9,M17,M17,i7-00305,GTCTCCTT,1000000,Buffer_P3,M18,M18,i5-00306,TGTCGACT
81,G10,M19,M19,i7-00307,CGGATTGA,1000000,Buffer_P3,M20,M20,i5-00308,GACTTGTG
82,G11,M21,M21,i7-00309,TACATCGG,1000000,Buffer_P3,M22,M22,i5-00310,TAGGAGCT
83,G12,M23,M23,i7-00311,ACTCGTTG,1000000,Buffer_P3,M24,M24,i5-00312,TGTGTCAG
84,H1,O1,O1,i7-00337,GACTTAGG,1000000,Buffer_P1,O2,O2,i5-00338,TTCGTACG
85,H2,O3,O3,i7-00339,TACCAGGA,1000000,Buffer_P1,O4,O4,i5-00340,CATTGACG
86,H3,O5,O5,i7-00341,GAAGAGGT,1000000,Buffer_P1,O6,O6,i5-00342,CATTCGTC
87,H4,O7,O7,i7-00343,AGGAGGAA,1000000,Buffer_P1,O8,O8,i5-00344,GCTGTAAG
88,H5,O9,O9,i7-00345,GAGATGTC,1000000,Buffer_P2,O10,O10,i5-00346,CAACCGTA
89,H6,O11,O11,i7-00347,CTATCGCA,1000000,Buffer_P2,O12,O12,i5-00348,TGGTTCGA
90,H7,O13,O13,i7-00349,GAACGCTT,1000000,Buffer_P2,O14,O14,i5-00350,CGATTCTG
91,H8,O15,O15,i7-00351,ATGGTTGC,1000000,Buffer_P2,O16,O16,i5-00352,AATCCAGC
92,H9,O17,O17,i7-00353,GATGCACT,1000000,Buffer_P3,O18,O18,i5-00354,GCATTGGT
93,H10,O19,O19,i7-00355,GTCCTAAG,1000000,Buffer_P3,O20,O20,i5-00356,ATAGTCGG
94,H11,O21,O21,i7-00357,TTGGTCTC,1000000,Buffer_P3,O22,O22,i5-00358,AACAAGGC
95,H12,O23,O23,i7-00359,GATACTGG,1000000,Buffer_P3,O24,O24,i5-00360,CCTCGAAT
